Bedrooms,Bathrooms,Size,YearBuilt,Garage,Price
3,2,2000,2005,1,500
4,3,2500,2010,1,600
2,1,1200,1995,0,300
5,4,3000,2018,1,750
3,2,1800,2000,0,450
4,3,2200,2012,1,620
3,2,1600,1998,0,400
2,1,1000,1990,0,250
5,4,3500,2020,1,900
4,3,2400,2015,1,700
3,2,1700,2003,0,420
2,1,1100,1992,0,280
4,3,2300,2011,1,650
3,2,1900,2006,0,480
5,4,3200,2019,1,820
