Bedrooms,Bathrooms,Size,YearBuilt,Garage,Price
3,2,1900,2006,0,480
4,3,2200,2012,1,620
5,4,3500,2020,1,900
2,1,1200,1995,0,300
4,3,2500,2010,1,600
5,4,3200,2019,1,820
3,2,1800,2000,0,450
2,1,1000,1990,0,250
3,2,1700,2003,0,420
4,3,2300,2011,1,650
5,4,3000,2018,1,750
3,2,1600,1998,0,400
